category,present,past,participle
1,be,was/were,been
1,beat,beat,beaten
1,become,became,become
1,begin,began,begun
1,bite,bit,bitten
1,blow,blew,blown
1,break,broke,broken
1,bring,brought,brought
1,build,built,built
1,burn,burnt/burned,burnt/burned
1,buy,bought,bought
1,can,could,could
1,catch,caught,caught
1,choose,chose,chosen
1,come,came,come
1,cost,cost,cost
1,cut,cut,cut
1,do,did,done
1,draw,drew,drawn
1,dream,dreamt/dreamed,dreamt/dreamed
1,drink,drank,drunk
1,drive,drove,driven
1,eat,ate,eaten
1,fall,fell,fallen
1,feed,fed,fed
1,feel,felt,felt
1,fight,fought,fought
1,find,found,found
1,fly,flew,flown
1,forget,forgot,forgotten
1,forgive,forgave,forgiven
1,freeze,froze,frozen
1,get,got,got/gotten
1,give,gave,given
1,go,went,gone
1,grow,grew,grown
1,hang,hung,hung
1,have,had,had
1,hear,heard,heard
1,hide,hid,hidden
1,hit,hit,hit
1,hold,held,held
1,hurt,hurt,hurt
1,keep,kept,kept
1,know,knew,known
1,lead,led,led
1,learn,learnt/learned,learnt/learned
1,leave,left,left
1,lend,lent,lent
1,let,let,let
1,lie,lay,lain
1,lose,lost,lost
1,make,made,made
1,meet,met,met
1,pay,paid,paid
1,put,put,put
1,read,read,read
1,ride,rode,ridden
1,ring,rang,rung
1,run,ran,run
1,say,said,said
1,see,saw,seen
1,sell,sold,sold
1,send,sent,sent
1,set,set,set
1,shake,shook,shaken
1,shine,shone,shone
1,show,showed,shown/showed
1,shut,shut,shut
1,sing,sang,sung
1,sit,sat,sat
1,sleep,slept,slept
1,speak,spoke,spoken
1,spell,spelt/spelled,spelt/spelled
1,spend,spent,spent
1,stand,stood,stood
1,steal,stole,stolen
1,swim,swam,swum
1,take,took,taken
1,teach,taught,taught
1,tell,told,told
1,think,thought,thought
1,throw,threw,thrown
1,understand,understood,understood
1,wake,woke,woken
1,wear,wore,worn
1,win,won,won
1,write,wrote,written
2,arise,arose,arisen
2,awake,awoke,awoken
2,bear,bore,borne/born
2,bend,bent,bent
2,bet,bet,bet
2,bind,bound,bound
2,bleed,bled,bled
2,breed,bred,bred
2,broadcast,broadcast,broadcast
2,burst,burst,burst
2,cast,cast,cast
2,cling,clung,clung
2,creep,crept,crept
2,deal,dealt,dealt
2,dig,dug,dug
2,dive,dove/dived,dived
2,flee,fled,fled
2,fling,flung,flung
2,forbid,forbade,forbidden
2,forecast,forecast,forecast
2,foresee,foresaw,foreseen
2,grind,ground,ground
2,kneel,knelt/kneeled,knelt/kneeled
2,knit,knit/knitted,knit/knitted
2,lay,laid,laid
2,lean,leant/leaned,leant/leaned
2,leap,leapt/leaped,leapt/leaped
2,light,lit/lighted,lit/lighted
2,mean,meant,meant
2,mow,mowed,mown/mowed
2,overcome,overcame,overcome
2,overdo,overdid,overdone
2,overhear,overheard,overheard
2,override,overrode,overridden
2,oversee,oversaw,overseen
2,oversleep,overslept,overslept
2,overtake,overtook,overtaken
2,overthrow,overthrew,overthrown
2,plead,pled/pleaded,pled/pleaded
2,prove,proved,proven/proved
2,quit,quit,quit
2,redo,redid,redone
2,remake,remade,remade
2,repay,repaid,repaid
2,rewrite,rewrote,rewritten
2,rid,rid,rid
2,rise,rose,risen
2,saw,sawed,sawn/sawed
2,seek,sought,sought
2,sew,sewed,sewn/sewed
2,shear,sheared,shorn/sheared
2,shed,shed,shed
2,shoot,shot,shot
2,shrink,shrank,shrunk
2,sink,sank,sunk
2,slide,slid,slid
2,slit,slit,slit
2,smell,smelt/smelled,smelt/smelled
2,sow,sowed,sown/sowed
2,speed,sped/speeded,sped/speeded
2,spill,spilt/spilled,spilt/spilled
2,spin,spun,spun
2,spit,spat,spat
2,split,split,split
2,spoil,spoilt/spoiled,spoilt/spoiled
2,spread,spread,spread
2,spring,sprang,sprung
2,stick,stuck,stuck
2,sting,stung,stung
2,stink,stank/stunk,stunk
2,strike,struck,struck/stricken
2,swear,swore,sworn
2,sweep,swept,swept
2,swell,swelled,swollen/swelled
2,swing,swung,swung
2,tear,tore,torn
2,undo,undid,undone
2,upset,upset,upset
2,weave,wove,woven
2,weep,wept,wept
2,wind,wound,wound
2,withdraw,withdrew,withdrawn
2,withhold,withheld,withheld
3,abide,abode/abided,abode/abided
3,alight,alit/alighted,alit/alighted
3,backbite,backbit,backbitten
3,backslide,backslid,backslidden
3,befall,befell,befallen
3,beget,begot,begotten
3,behold,beheld,beheld
3,beseech,besought,besought
3,beset,beset,beset
3,bespeak,bespoke,bespoken
3,bestride,bestrode,bestridden
3,betake,betook,betaken
3,bethink,bethought,bethought
3,bode,boded,boded/boden
3,browbeat,browbeat,browbeaten
3,bust,bust/busted,bust/busted
3,chide,chid/chided,chidden/chided
3,clap,clapt/clapped,clapt/clapped
3,cleave,clove/cleft/cleaved,cloven/cleft/cleaved
3,clothe,clad/clothed,clad/clothed
3,colorbreed,colorbred,colorbred
3,colorcast,colorcast,colorcast
3,countersink,countersank,countersunk
3,crossbreed,crossbred,crossbred
3,crosscut,crosscut,crosscut
3,crosslight,crosslit,crosslit
3,crow,crew/crowed,crowed
3,daydream,daydreamt/daydreamed,daydreamt/daydreamed
3,disprove,disproved,disproven/disproved
3,downdraft,downdraft,downdraft
3,downfall,downfell,downfallen
3,dwell,dwelt/dwelled,dwelt/dwelled
3,enwind,enwound,enwound
3,fit,fit/fitted,fit/fitted
3,flyblow,flyblew,flyblown
3,forbear,forbore,forborne
3,fordo,fordid,fordone
3,forefeel,forefelt,forefelt
3,forego,forewent,foregone
3,foreknow,foreknew,foreknown
3,forerun,foreran,forerun
3,foresay,foresaid,foresaid
3,foreshow,foreshowed,foreshown
3,forespeak,forespoke,forespoken
3,foretell,foretold,foretold
3,forsake,forsook,forsaken
3,forswear,forswore,forsworn
3,fraught,fraught,fraught
3,frostbite,frostbit,frostbitten
3,gainsay,gainsaid,gainsaid
3,gild,gilt/gilded,gilt/gilded
3,gird,girt/girded,girt/girded
3,grave,graved,graven/graved
3,hamstring,hamstrung,hamstrung
3,handwrite,handwrote,handwritten
3,heave,hove/heaved,hove/heaved
3,hew,hewed,hewn/hewed
3,inbreed,inbred,inbred
3,indwell,indwelt,indwelt
3,inlay,inlaid,inlaid
3,input,input,input
3,inset,inset,inset
3,interbreed,interbred,interbred
3,intercut,intercut,intercut
3,interlay,interlaid,interlaid
3,interset,interset,interset
3,interweave,interwove,interwoven
3,interwind,interwound,interwound
3,inweave,inwove,inwoven
3,joyride,joyrode,joyridden
3,lade,laded,laden/laded
3,landslide,landslid,landslid
3,misbecome,misbecame,misbecome
3,miscast,miscast,miscast
3,mischoose,mischose,mischosen
3,miscut,miscut,miscut
3,misdeal,misdealt,misdealt
3,misdo,misdid,misdone
3,misdraw,misdrew,misdrawn
3,miseat,misate,miseaten
3,misfall,misfell,misfallen
3,misfeed,misfed,misfed
3,misgive,misgave,misgiven
3,mishear,misheard,misheard
3,mishit,mishit,mishit
3,misknow,misknew,misknown
3,mislay,mislaid,mislaid
3,mislead,misled,misled
3,misread,misread,misread
3,missay,missaid,missaid
3,missend,missent,missent
3,misset,misset,misset
3,misshape,misshaped,misshapen
3,misspell,misspelt/misspelled,misspelt/misspelled
3,misspend,misspent,misspent
3,misswear,misswore,missworn
3,mistake,mistook,mistaken
3,misteach,mistaught,mistaught
3,mistell,mistold,mistold
3,misthink,misthought,misthought
3,misunderstand,misunderstood,misunderstood
3,miswear,miswore,misworn
3,miswed,miswed,miswed
3,miswrite,miswrote,miswritten
3,moonlight,moonlit,moonlit
3,offset,offset,offset
3,outbid,outbid,outbidden/outbid
3,outbreed,outbred,outbred
3,outcatch,outcaught,outcaught
3,outdo,outdid,outdone
3,outdraw,outdrew,outdrawn
3,outdrink,outdrank,outdrunk
3,outdrive,outdrove,outdriven
3,outfight,outfought,outfought
3,outfly,outflew,outflown
3,outgrow,outgrew,outgrown
3,outlay,outlaid,outlaid
3,outleap,outleapt/outleaped,outleapt/outleaped
3,output,output,output
3,outride,outrode,outridden
3,outrun,outran,outrun
3,outsee,outsaw,outseen
3,outsell,outsold,outsold
3,outshine,outshone,outshone
3,outshoot,outshot,outshot
3,outsing,outsang,outsung
3,outsit,outsat,outsat
3,outsleep,outslept,outslept
3,outsmell,outsmelt,outsmelt
3,outspeak,outspoke,outspoken
3,outspeed,outsped,outsped
3,outspend,outspent,outspent
3,outspin,outspun,outspun
3,outspring,outsprang,outsprung
3,outstand,outstood,outstood
3,outswear,outswore,outsworn
3,outswim,outswam,outswum
3,outtell,outtold,outtold
3,outthink,outthought,outthought
3,outthrow,outthrew,outthrown
3,outwear,outwore,outworn
3,overbear,overbore,overborne/overborn
3,overbid,overbid,overbidden/overbid
3,overblow,overblew,overblown
3,overbuild,overbuilt,overbuilt
3,overbuy,overbought,overbought
3,overcast,overcast,overcast
3,overcut,overcut,overcut
3,overdraw,overdrew,overdrawn
3,overdrink,overdrank,overdrunk
3,overdrive,overdrove,overdriven
3,overeat,overate,overeaten
3,overfeed,overfed,overfed
3,overfly,overflew,overflown
3,overgrow,overgrew,overgrown
3,overhang,overhung,overhung
3,overlay,overlaid,overlaid
3,overleap,overleapt,overleapt
3,overlearn,overlearnt,overlearnt
3,overlie,overlay,overlain
3,overpass,overpast/overpassed,overpast/overpassed
3,overpay,overpaid,overpaid
3,overrun,overran,overrun
3,oversell,oversold,oversold
3,overset,overset,overset
3,oversew,oversewed,oversewn/oversewed
3,overshoot,overshot,overshot
3,oversmoke,oversmoked,oversmoked
3,overspeak,overspoke,overspoken
3,overspend,overspent,overspent
3,overspill,overspilt,overspilt
3,overspin,overspun,overspun
3,overspread,overspread,overspread
3,overspring,oversprang,oversprung
3,overstand,overstood,overstood
3,overstrew,overstrewed,overstrewn/overstrewed
3,overstrike,overstruck,overstruck
3,overthink,overthought,overthought
3,overwear,overwore,overworn
3,overwind,overwound,overwound
3,overwrite,overwrote,overwritten
3,partake,partook,partaken
3,photoengrave,photoengraved,photoengraved/photoengraven
3,prebuild,prebuilt,prebuilt
3,prechoose,prechose,prechosen
3,precut,precut,precut
3,prepay,prepaid,prepaid
3,presell,presold,presold
3,preset,preset,preset
3,preshrink,preshrank,preshrunk
3,proofread,proofread,proofread
3,rebind,rebound,rebound
3,rebroadcast,rebroadcast,rebroadcast
3,rebuild,rebuilt,rebuilt
3,recast,recast,recast
3,rechoose,rechose,rechosen
3,recut,recut,recut
3,redeal,redealt,redealt
3,redraw,redrew,redrawn
3,reeve,rove/reeved,rove/reeved
3,refit,refit,refit
3,regrind,reground,reground
3,regrow,regrew,regrown
3,rehang,rehung,rehung
3,rehear,reheard,reheard
3,reknit,reknit,reknit
3,relay,relaid,relaid
3,relearn,relearnt,relearnt
3,relight,relit,relit
3,rend,rent,rent
3,reread,reread,reread
3,rerun,reran,rerun
3,resell,resold,resold
3,resend,resent,resent
3,reset,reset,reset
3,resew,resewed,resewn/resewed
3,retake,retook,retaken
3,reteach,retaught,retaught
3,retear,retore,retorn
3,retell,retold,retold
3,rethink,rethought,rethought
3,retread,retrod,retrodden
3,retrofit,retrofit,retrofit
3,rewake,rewoke,rewaken
3,rewear,rewore,reworn
3,reweave,rewove,rewoven
3,rewed,rewed,rewed
3,rewin,rewon,rewon
3,rewind,rewound,rewound
3,roughcast,roughcast,roughcast
3,roughhew,roughhewed,roughhewn
3,sandcast,sandcast,sandcast
3,shadowcast,shadowcast,shadowcast
3,shave,shaved,shaven/shaved
3,shoe,shod,shod
3,shred,shred,shred
3,shrive,shrove/shrived,shriven/shrived
3,simulcast,simulcast,simulcast
3,skywrite,skywrote,skywritten
3,slay,slew,slain
3,sling,slung,slung
3,slink,slunk,slunk
3,smite,smote,smitten
3,spellbind,spellbound,spellbound
3,stave,stove/staved,stove/staved
3,strew,strewed,strewn/strewed
3,stride,strode,stridden
3,string,strung,strung
3,strive,strove,striven
3,sublet,sublet,sublet
3,sunburn,sunburnt/sunburned,sunburnt/sunburned
3,sweat,sweat/sweated,sweat/sweated
3,telecast,telecast,telecast
3,thrive,throve/thrived,thriven/thrived
3,thrust,thrust,thrust
3,tread,trod,trodden/trod
3,typecast,typecast,typecast
3,typeset,typeset,typeset
3,typewrite,typewrote,typewritten
3,unbear,unbore,unborne/unborn
3,unbend,unbent,unbent
3,unbind,unbound,unbound
3,unbuild,unbuilt,unbuilt
3,unclothe,unclad/unclothed,unclad/unclothed
3,underbid,underbid,underbidden/underbid
3,underbuy,underbought,underbought
3,undercut,undercut,undercut
3,underdo,underdid,underdone
3,underfeed,underfed,underfed
3,undergo,underwent,undergone
3,underlay,underlaid,underlaid
3,underlet,underlet,underlet
3,underlie,underlay,underlain
3,underpay,underpaid,underpaid
3,underrun,underran,underrun
3,undersell,undersold,undersold
3,undershoot,undershot,undershot
3,undertake,undertook,undertaken
3,underwrite,underwrote,underwritten
3,undraw,undrew,undrawn
3,unfreeze,unfroze,unfrozen
3,unhang,unhung,unhung
3,unhide,unhid,unhidden
3,unhold,unheld,unheld
3,unknit,unknit,unknit
3,unlace,unlaced,unlaced
3,unlay,unlaid,unlaid
3,unlearn,unlearnt,unlearnt
3,unmake,unmade,unmade
3,unreeve,unrove,unrove
3,unsay,unsaid,unsaid
3,unseam,unseamed,unseamed
3,unseat,unseated,unseated
3,unsettle,unsettled,unsettled
3,unsew,unsewed,unsewn
3,unsling,unslung,unslung
3,unspeak,unspoke,unspoken
3,unspin,unspun,unspun
3,unstick,unstuck,unstuck
3,unstring,unstrung,unstrung
3,unswear,unswore,unsworn
3,unteach,untaught,untaught
3,unthink,unthought,unthought
3,untread,untrod,untrodden
3,unweave,unwove,unwoven
3,unwind,unwound,unwound
3,upbuild,upbuilt,upbuilt
3,uphold,upheld,upheld
3,uppercut,uppercut,uppercut
3,uprise,uprose,uprisen
3,upsweep,upswept,upswept
3,upswing,upswung,upswung
3,waylay,waylaid,waylaid
3,wed,wed/wedded,wed/wedded
3,wend,went/wended,went/wended
3,wet,wet/wetted,wet/wetted
3,wiredraw,wiredrew,wiredrawn
3,withstand,withstood,withstood
3,wring,wrung,wrung